PageRank	Ids
4	0.02762842770193326
0	0.024120849494179794
2	0.014137989697474132
1	0.014137989697474132
3	0.012842886311444115
5	0.006421443155722057
